{ 
    "playlist":[
        {
            "imagen": "../Landing/imagenes/Pictures songs/cancion 1.png",
            "titulo": "Niegame Tres Veces",
            "artista":"Silvestre Dángon",
            "album": "Niegame Tres Veces",
            "año": "2014",
            "duracion": "4:20",
            "letra": ""
        },
        {
            "imagen": "../Landing/imagenes/Pictures songs/cancion 2.png",
            "titulo": " Algo Que Se Quede",
            "artista":"Grupo Niche",
            "album": "Algo Que Se Quede",
            "año": "2020",
            "duracion": "4:20",
            "letra": ""
        },
        {
            "imagen": "../Landing/imagenes/Pictures songs/cancion 3.png",
            "titulo": "Hello",
            "artista":"Grupo Niche",
            "album": "Algo Que Se Queda",
            "año": "",
            "duracion": "",
            "letra": ""
        },
        {
            "imagen": "../Landing/imagenes/Pictures songs/cancion 4.png",
            "titulo": "Salsa",
            "artista":"Grupo Niche",
            "album": "Algo Que Se Queda",
            "año": "",
            "duracion": "",
            "letra": ""
        },
        {
            "imagen": "../Landing/imagenes/Pictures songs/cancion 5.png",
            "titulo": "Vallenato",
            "artista":"Grupo Niche",
            "album": "Algo Que Se Queda",
            "año": "",
            "duracion": "",
            "letra": ""
        },
        {
            "imagen": "../Landing/imagenes/Pictures songs/cancion 6.png",
            "titulo": "Merengue",
            "artista":"Grupo Niche",
            "album": "Algo Que Se Queda",
            "año": "",
            "duracion": "",
            "letra": ""
        },
        {
            "imagen": "../Landing/imagenes/Pictures songs/cancion 7.png",
            "titulo": "",
            "artista":"Grupo Niche",
            "album": "Algo Que Se Queda",
            "año": "",
            "duracion": "",
            "letra": ""
        },
       {
            "imagen": "../Landing/imagenes/Pictures songs/cancion 8.png",
            "titulo": "",
            "artista":"Adele",
            "album": "Algo Que Se Queda",
            "año": "",
            "duracion": "",
            "letra": ""
        },
       {
            "imagen": "../Landing/imagenes/Pictures songs/cancion 9.png",
            "titulo": "",
            "artista":"Grupo Niche",
            "album": "Algo Que Se Queda",
            "año": "",
            "duracion": "",
            "letra": ""
        },
        {
            "imagen": "../Landing/imagenes/Pictures songs/cancion 10.png",
            "titulo": "",
            "artista":"Grupo Niche",
            "album": "Algo Que Se Queda",
            "año": "",
            "duracion": "",
            "letra": ""
        }
    
    ]

}